-- ============================================================
-- bari-backend 더미 데이터
-- 비밀번호 평문: password123
-- BCrypt 해시: $2a$10$N.zmdr9k7uOCQb376NoUnuTJ8iKSgxo4r.T1n1lOeBwBdGG9.bPu
-- ============================================================

-- ===== users (25건) =====
-- ADMIN 2명, OWNER 8명, USER 15명
INSERT INTO users (email, password, nickname, role, created_at) VALUES
('admin@bari.com',   '$2a$10$N.zmdr9k7uOCQb376NoUnuTJ8iKSgxo4r.T1n1lOeBwBdGG9.bPu', '시스템관리자',  'ADMIN', '2024-01-01 09:00:00'),
('admin2@bari.com',  '$2a$10$N.zmdr9k7uOCQb376NoUnuTJ8iKSgxo4r.T1n1lOeBwBdGG9.bPu', '부관리자',      'ADMIN', '2024-01-02 09:00:00'),
('owner1@bari.com',  '$2a$10$N.zmdr9k7uOCQb376NoUnuTJ8iKSgxo4r.T1n1lOeBwBdGG9.bPu', '김사장',        'OWNER', '2024-01-05 10:00:00'),
('owner2@bari.com',  '$2a$10$N.zmdr9k7uOCQb376NoUnuTJ8iKSgxo4r.T1n1lOeBwBdGG9.bPu', '이사장',        'OWNER', '2024-01-06 10:00:00'),
('owner3@bari.com',  '$2a$10$N.zmdr9k7uOCQb376NoUnuTJ8iKSgxo4r.T1n1lOeBwBdGG9.bPu', '박사장',        'OWNER', '2024-01-07 10:00:00'),
('owner4@bari.com',  '$2a$10$N.zmdr9k7uOCQb376NoUnuTJ8iKSgxo4r.T1n1lOeBwBdGG9.bPu', '최사장',        'OWNER', '2024-01-08 10:00:00'),
('owner5@bari.com',  '$2a$10$N.zmdr9k7uOCQb376NoUnuTJ8iKSgxo4r.T1n1lOeBwBdGG9.bPu', '정사장',        'OWNER', '2024-01-09 10:00:00'),
('owner6@bari.com',  '$2a$10$N.zmdr9k7uOCQb376NoUnuTJ8iKSgxo4r.T1n1lOeBwBdGG9.bPu', '강사장',        'OWNER', '2024-01-10 10:00:00'),
('owner7@bari.com',  '$2a$10$N.zmdr9k7uOCQb376NoUnuTJ8iKSgxo4r.T1n1lOeBwBdGG9.bPu', '윤사장',        'OWNER', '2024-01-11 10:00:00'),
('owner8@bari.com',  '$2a$10$N.zmdr9k7uOCQb376NoUnuTJ8iKSgxo4r.T1n1lOeBwBdGG9.bPu', '조사장',        'OWNER', '2024-01-12 10:00:00'),
('user1@bari.com',   '$2a$10$N.zmdr9k7uOCQb376NoUnuTJ8iKSgxo4r.T1n1lOeBwBdGG9.bPu', '홍길동',        'USER',  '2024-01-15 11:00:00'),
('user2@bari.com',   '$2a$10$N.zmdr9k7uOCQb376NoUnuTJ8iKSgxo4r.T1n1lOeBwBdGG9.bPu', '이순신',        'USER',  '2024-01-16 11:00:00'),
('user3@bari.com',   '$2a$10$N.zmdr9k7uOCQb376NoUnuTJ8iKSgxo4r.T1n1lOeBwBdGG9.bPu', '강감찬',        'USER',  '2024-01-17 11:00:00'),
('user4@bari.com',   '$2a$10$N.zmdr9k7uOCQb376NoUnuTJ8iKSgxo4r.T1n1lOeBwBdGG9.bPu', '세종대왕',      'USER',  '2024-01-18 11:00:00'),
('user5@bari.com',   '$2a$10$N.zmdr9k7uOCQb376NoUnuTJ8iKSgxo4r.T1n1lOeBwBdGG9.bPu', '유관순',        'USER',  '2024-01-19 11:00:00'),
('user6@bari.com',   '$2a$10$N.zmdr9k7uOCQb376NoUnuTJ8iKSgxo4r.T1n1lOeBwBdGG9.bPu', '안중근',        'USER',  '2024-01-20 11:00:00'),
('user7@bari.com',   '$2a$10$N.zmdr9k7uOCQb376NoUnuTJ8iKSgxo4r.T1n1lOeBwBdGG9.bPu', '윤봉길',        'USER',  '2024-01-21 11:00:00'),
('user8@bari.com',   '$2a$10$N.zmdr9k7uOCQb376NoUnuTJ8iKSgxo4r.T1n1lOeBwBdGG9.bPu', '김구',          'USER',  '2024-01-22 11:00:00'),
('user9@bari.com',   '$2a$10$N.zmdr9k7uOCQb376NoUnuTJ8iKSgxo4r.T1n1lOeBwBdGG9.bPu', '박정희',        'USER',  '2024-01-23 11:00:00'),
('user10@bari.com',  '$2a$10$N.zmdr9k7uOCQb376NoUnuTJ8iKSgxo4r.T1n1lOeBwBdGG9.bPu', '전두환',        'USER',  '2024-01-24 11:00:00'),
('user11@bari.com',  '$2a$10$N.zmdr9k7uOCQb376NoUnuTJ8iKSgxo4r.T1n1lOeBwBdGG9.bPu', '노무현',        'USER',  '2024-01-25 11:00:00'),
('user12@bari.com',  '$2a$10$N.zmdr9k7uOCQb376NoUnuTJ8iKSgxo4r.T1n1lOeBwBdGG9.bPu', '이명박',        'USER',  '2024-01-26 11:00:00'),
('user13@bari.com',  '$2a$10$N.zmdr9k7uOCQb376NoUnuTJ8iKSgxo4r.T1n1lOeBwBdGG9.bPu', '박근혜',        'USER',  '2024-01-27 11:00:00'),
('user14@bari.com',  '$2a$10$N.zmdr9k7uOCQb376NoUnuTJ8iKSgxo4r.T1n1lOeBwBdGG9.bPu', '문재인',        'USER',  '2024-01-28 11:00:00'),
('user15@bari.com',  '$2a$10$N.zmdr9k7uOCQb376NoUnuTJ8iKSgxo4r.T1n1lOeBwBdGG9.bPu', '윤석열',        'USER',  '2024-01-29 11:00:00');

-- ===== stores (10건) — owner_id는 OWNER role 유저 (id: 3~10) =====
INSERT INTO stores (name, address, owner_id, created_at) VALUES
('김사장 베이커리',  '서울시 강남구 테헤란로 1',   3, '2024-02-01 10:00:00'),
('이사장 카페',      '서울시 서초구 반포대로 2',   4, '2024-02-02 10:00:00'),
('박사장 편의점',    '서울시 마포구 홍대입구 3',   5, '2024-02-03 10:00:00'),
('최사장 분식집',    '서울시 은평구 불광로 4',     6, '2024-02-04 10:00:00'),
('정사장 중식당',    '서울시 중구 명동 5',         7, '2024-02-05 10:00:00'),
('강사장 치킨집',    '서울시 송파구 잠실로 6',     8, '2024-02-06 10:00:00'),
('윤사장 횟집',      '서울시 강서구 화곡로 7',     9, '2024-02-07 10:00:00'),
('조사장 정육점',    '서울시 노원구 공릉로 8',    10, '2024-02-08 10:00:00'),
('김사장 2호점',     '서울시 강남구 논현로 9',     3, '2024-02-09 10:00:00'),
('이사장 2호점',     '서울시 서초구 양재로 10',    4, '2024-02-10 10:00:00');

-- ===== products (20건) =====
INSERT INTO products (store_id, name, description, image_url, created_at) VALUES
(1,  '크로와상',       '버터향 가득한 크로와상',         NULL, '2024-02-15 10:00:00'),
(1,  '식빵',           '촉촉한 우유식빵',                NULL, '2024-02-15 10:00:00'),
(2,  '아메리카노',     '진한 원두로 내린 아메리카노',    NULL, '2024-02-16 10:00:00'),
(2,  '카페라떼',       '부드러운 우유 거품의 라떼',      NULL, '2024-02-16 10:00:00'),
(3,  '삼각김밥',       '참치마요 삼각김밥',              NULL, '2024-02-17 10:00:00'),
(3,  '컵라면',         '신라면 컵라면',                  NULL, '2024-02-17 10:00:00'),
(4,  '떡볶이',         '매콤달콤 떡볶이',                NULL, '2024-02-18 10:00:00'),
(4,  '순대',           '당면 순대',                      NULL, '2024-02-18 10:00:00'),
(5,  '짜장면',         '정통 중국집 짜장면',             NULL, '2024-02-19 10:00:00'),
(5,  '짬뽕',           '얼큰한 해물 짬뽕',               NULL, '2024-02-19 10:00:00'),
(6,  '후라이드 치킨',  '바삭한 후라이드',                NULL, '2024-02-20 10:00:00'),
(6,  '양념 치킨',      '달콤매콤 양념치킨',              NULL, '2024-02-20 10:00:00'),
(7,  '광어회',         '싱싱한 광어회',                  NULL, '2024-02-21 10:00:00'),
(7,  '우럭회',         '탱탱한 우럭회',                  NULL, '2024-02-21 10:00:00'),
(8,  '삼겹살',         '국내산 냉장 삼겹살 (100g)',      NULL, '2024-02-22 10:00:00'),
(8,  '목살',           '국내산 냉장 목살 (100g)',        NULL, '2024-02-22 10:00:00'),
(9,  '소금빵',         '고소한 소금빵',                  NULL, '2024-02-23 10:00:00'),
(9,  '단팥빵',         '달콤한 단팥빵',                  NULL, '2024-02-23 10:00:00'),
(10, '바닐라 라떼',    '달콤한 바닐라 라떼',             NULL, '2024-02-24 10:00:00'),
(10, '딸기 스무디',    '신선한 딸기 스무디',             NULL, '2024-02-24 10:00:00');

-- ===== inventories (25건) — expire_at은 미래 날짜 =====
INSERT INTO inventories (product_id, quantity, expire_at, created_at) VALUES
(1,  10, '2026-12-31 23:59:00', '2024-03-01 08:00:00'),
(2,  15, '2026-12-31 23:59:00', '2024-03-01 08:00:00'),
(3,  30, '2026-12-31 23:59:00', '2024-03-02 08:00:00'),
(4,  25, '2026-12-31 23:59:00', '2024-03-02 08:00:00'),
(5,  50, '2026-12-31 23:59:00', '2024-03-03 08:00:00'),
(6,  40, '2026-12-31 23:59:00', '2024-03-03 08:00:00'),
(7,  20, '2026-12-31 23:59:00', '2024-03-04 08:00:00'),
(8,  20, '2026-12-31 23:59:00', '2024-03-04 08:00:00'),
(9,  15, '2026-12-31 23:59:00', '2024-03-05 08:00:00'),
(10, 15, '2026-12-31 23:59:00', '2024-03-05 08:00:00'),
(11, 30, '2026-12-31 23:59:00', '2024-03-06 08:00:00'),
(12, 30, '2026-12-31 23:59:00', '2024-03-06 08:00:00'),
(13, 10, '2026-12-31 23:59:00', '2024-03-07 08:00:00'),
(14, 10, '2026-12-31 23:59:00', '2024-03-07 08:00:00'),
(15, 50, '2026-12-31 23:59:00', '2024-03-08 08:00:00'),
(16, 50, '2026-12-31 23:59:00', '2024-03-08 08:00:00'),
(17, 20, '2026-12-31 23:59:00', '2024-03-09 08:00:00'),
(18, 20, '2026-12-31 23:59:00', '2024-03-09 08:00:00'),
(19, 25, '2026-12-31 23:59:00', '2024-03-10 08:00:00'),
(20, 25, '2026-12-31 23:59:00', '2024-03-10 08:00:00'),
(1,  5,  '2026-06-30 23:59:00', '2024-03-11 08:00:00'),
(3,  10, '2026-06-30 23:59:00', '2024-03-11 08:00:00'),
(7,  8,  '2026-06-30 23:59:00', '2024-03-12 08:00:00'),
(11, 12, '2026-06-30 23:59:00', '2024-03-12 08:00:00'),
(15, 20, '2026-06-30 23:59:00', '2024-03-13 08:00:00');

-- ===== discounts (20건) =====
-- discount_rate = ROUND((original_price - discount_price) / original_price * 100)
INSERT INTO discounts (inventory_id, original_price, discount_price, discount_rate, start_at, end_at, created_at) VALUES
(1,  3500,  2800, ROUND((3500-2800)/3500*100),   '2024-03-01 18:00:00', '2024-03-01 21:00:00', '2024-03-01 17:00:00'),
(2,  4000,  3200, ROUND((4000-3200)/4000*100),   '2024-03-01 18:00:00', '2024-03-01 21:00:00', '2024-03-01 17:00:00'),
(3,  4500,  3600, ROUND((4500-3600)/4500*100),   '2024-03-02 18:00:00', '2024-03-02 21:00:00', '2024-03-02 17:00:00'),
(4,  5000,  4000, ROUND((5000-4000)/5000*100),   '2024-03-02 18:00:00', '2024-03-02 21:00:00', '2024-03-02 17:00:00'),
(5,  1200,   960, ROUND((1200-960)/1200*100),    '2024-03-03 18:00:00', '2024-03-03 21:00:00', '2024-03-03 17:00:00'),
(6,  1500,  1200, ROUND((1500-1200)/1500*100),   '2024-03-03 18:00:00', '2024-03-03 21:00:00', '2024-03-03 17:00:00'),
(7,  4000,  3000, ROUND((4000-3000)/4000*100),   '2024-03-04 18:00:00', '2024-03-04 21:00:00', '2024-03-04 17:00:00'),
(8,  3500,  2800, ROUND((3500-2800)/3500*100),   '2024-03-04 18:00:00', '2024-03-04 21:00:00', '2024-03-04 17:00:00'),
(9,  7000,  5600, ROUND((7000-5600)/7000*100),   '2024-03-05 18:00:00', '2024-03-05 21:00:00', '2024-03-05 17:00:00'),
(10, 8000,  6000, ROUND((8000-6000)/8000*100),   '2024-03-05 18:00:00', '2024-03-05 21:00:00', '2024-03-05 17:00:00'),
(11,18000, 13500, ROUND((18000-13500)/18000*100), '2024-03-06 18:00:00', '2024-03-06 21:00:00', '2024-03-06 17:00:00'),
(12,18000, 14400, ROUND((18000-14400)/18000*100), '2024-03-06 18:00:00', '2024-03-06 21:00:00', '2024-03-06 17:00:00'),
(13,50000, 40000, ROUND((50000-40000)/50000*100), '2024-03-07 18:00:00', '2024-03-07 21:00:00', '2024-03-07 17:00:00'),
(14,45000, 36000, ROUND((45000-36000)/45000*100), '2024-03-07 18:00:00', '2024-03-07 21:00:00', '2024-03-07 17:00:00'),
(15, 2000,  1600, ROUND((2000-1600)/2000*100),   '2024-03-08 18:00:00', '2024-03-08 21:00:00', '2024-03-08 17:00:00'),
(16, 2200,  1760, ROUND((2200-1760)/2200*100),   '2024-03-08 18:00:00', '2024-03-08 21:00:00', '2024-03-08 17:00:00'),
(17, 2800,  2240, ROUND((2800-2240)/2800*100),   '2024-03-09 18:00:00', '2024-03-09 21:00:00', '2024-03-09 17:00:00'),
(18, 2500,  2000, ROUND((2500-2000)/2500*100),   '2024-03-09 18:00:00', '2024-03-09 21:00:00', '2024-03-09 17:00:00'),
(19, 5500,  4400, ROUND((5500-4400)/5500*100),   '2024-03-10 18:00:00', '2024-03-10 21:00:00', '2024-03-10 17:00:00'),
(20, 6000,  4800, ROUND((6000-4800)/6000*100),   '2024-03-10 18:00:00', '2024-03-10 21:00:00', '2024-03-10 17:00:00');

-- ===== orders (25건) — status 골고루 =====
INSERT INTO orders (user_id, store_id, inventory_id, quantity, price, status, created_at) VALUES
(11, 1, 1,  2,  5600, 'RESERVED',   '2024-03-01 19:00:00'),
(12, 1, 2,  1,  3200, 'COMPLETED',  '2024-03-01 19:30:00'),
(13, 2, 3,  1,  3600, 'CANCELED',   '2024-03-02 19:00:00'),
(14, 2, 4,  2,  8000, 'COMPLETED',  '2024-03-02 19:30:00'),
(15, 3, 5,  3,  2880, 'NO_SHOW',    '2024-03-03 19:00:00'),
(16, 3, 6,  2,  2400, 'COMPLETED',  '2024-03-03 19:30:00'),
(17, 4, 7,  1,  3000, 'RESERVED',   '2024-03-04 19:00:00'),
(18, 4, 8,  2,  5600, 'COMPLETED',  '2024-03-04 19:30:00'),
(19, 5, 9,  1,  5600, 'CANCELED',   '2024-03-05 19:00:00'),
(20, 5, 10, 1,  6000, 'COMPLETED',  '2024-03-05 19:30:00'),
(21, 6, 11, 2, 27000, 'NO_SHOW',    '2024-03-06 19:00:00'),
(22, 6, 12, 1, 14400, 'COMPLETED',  '2024-03-06 19:30:00'),
(23, 7, 13, 1, 40000, 'RESERVED',   '2024-03-07 19:00:00'),
(24, 7, 14, 1, 36000, 'COMPLETED',  '2024-03-07 19:30:00'),
(25, 8, 15, 2,  3200, 'CANCELED',   '2024-03-08 19:00:00'),
(11, 8, 16, 1,  1760, 'COMPLETED',  '2024-03-08 19:30:00'),
(12, 9, 17, 2,  4480, 'RESERVED',   '2024-03-09 19:00:00'),
(13, 9, 18, 1,  2000, 'COMPLETED',  '2024-03-09 19:30:00'),
(14, 10,19, 1,  4400, 'NO_SHOW',    '2024-03-10 19:00:00'),
(15, 10,20, 2,  9600, 'COMPLETED',  '2024-03-10 19:30:00'),
(16, 1, 1,  1,  2800, 'RESERVED',   '2024-03-11 19:00:00'),
(17, 2, 3,  2,  7200, 'COMPLETED',  '2024-03-11 19:30:00'),
(18, 3, 5,  1,   960, 'CANCELED',   '2024-03-12 19:00:00'),
(19, 4, 7,  1,  3000, 'COMPLETED',  '2024-03-12 19:30:00'),
(20, 5, 9,  2, 11200, 'RESERVED',   '2024-03-13 19:00:00');

-- ===== favorite_stores (20건) — 중복 없게 =====
INSERT INTO favorite_stores (user_id, store_id, created_at) VALUES
(11, 1,  '2024-03-01 12:00:00'),
(11, 2,  '2024-03-01 12:01:00'),
(12, 3,  '2024-03-02 12:00:00'),
(12, 4,  '2024-03-02 12:01:00'),
(13, 5,  '2024-03-03 12:00:00'),
(13, 6,  '2024-03-03 12:01:00'),
(14, 7,  '2024-03-04 12:00:00'),
(14, 8,  '2024-03-04 12:01:00'),
(15, 9,  '2024-03-05 12:00:00'),
(15, 10, '2024-03-05 12:01:00'),
(16, 1,  '2024-03-06 12:00:00'),
(16, 3,  '2024-03-06 12:01:00'),
(17, 2,  '2024-03-07 12:00:00'),
(17, 5,  '2024-03-07 12:01:00'),
(18, 4,  '2024-03-08 12:00:00'),
(18, 7,  '2024-03-08 12:01:00'),
(19, 6,  '2024-03-09 12:00:00'),
(19, 9,  '2024-03-09 12:01:00'),
(20, 8,  '2024-03-10 12:00:00'),
(20, 10, '2024-03-10 12:01:00');

-- ===== items (20건) — created_by는 유저 id =====
INSERT INTO items (name, description, price, created_by, created_at) VALUES
('사과',       '싱싱한 국내산 사과',           3000, 11, '2024-03-01 10:00:00'),
('배',         '달콤한 나주배',                 5000, 12, '2024-03-01 10:30:00'),
('포도',       '씨없는 청포도',                 4500, 13, '2024-03-02 10:00:00'),
('딸기',       '논산 딸기 한 팩',               6000, 14, '2024-03-02 10:30:00'),
('수박',       '시원한 여름 수박',             15000, 15, '2024-03-03 10:00:00'),
('참외',       '성주 참외',                     4000, 16, '2024-03-03 10:30:00'),
('복숭아',     '털복숭아 한 상자',              8000, 17, '2024-03-04 10:00:00'),
('감',         '달콤한 홍시',                   3500, 18, '2024-03-04 10:30:00'),
('귤',         '제주 감귤 한 망',               5000, 19, '2024-03-05 10:00:00'),
('레몬',       '수입산 레몬 5개',               3000, 20, '2024-03-05 10:30:00'),
('당근',       '국내산 유기농 당근',             2500, 11, '2024-03-06 10:00:00'),
('브로콜리',   '녹색 브로콜리',                 3000, 12, '2024-03-06 10:30:00'),
('시금치',     '국내산 시금치',                 2000, 13, '2024-03-07 10:00:00'),
('상추',       '신선한 상추 한 봉',             1500, 14, '2024-03-07 10:30:00'),
('오이',       '청오이 3개',                    2000, 15, '2024-03-08 10:00:00'),
('토마토',     '방울토마토 한 팩',              4000, 16, '2024-03-08 10:30:00'),
('감자',       '국내산 감자 1kg',               3500, 17, '2024-03-09 10:00:00'),
('고구마',     '달콤한 고구마 1kg',             4000, 18, '2024-03-09 10:30:00'),
('양파',       '국내산 양파 1kg',               2500, 19, '2024-03-10 10:00:00'),
('마늘',       '깐마늘 500g',                   5000, 20, '2024-03-10 10:30:00');
